Country Name,growth_pct
China,123.55581256283719
United States,36.69932831291147
Germany,16.963849357201596
